Date,Title,Price,Shipping,Condition,Link,Location,Seller,Feedback,FBScore
2020-05-08 15:15:00,Nintendo Switch 32GB Sold As Is Or For Parts BANNED AND HACKABLE HAC-001,147.56,0.0,Parts Only,https://www.ebay.com/itm/Nintendo-Switch-32GB-Sold-As-Is-Or-For-Parts-BANNED-AND-HACKABLE-HAC-001/153915071030?hash=item23d60d9a36:g:TgwAAOSw6iJeq7IZ,"Sherbrooke, Quebec, Canada", yovallir_0,37.0,100.0
2020-05-06 05:13:00,Nintendo Switch UNPATCHED Console with color Joy‑Con NO POWER,239.99,0.0,Parts Only,https://www.ebay.com/itm/Nintendo-Switch-UNPATCHED-Console-with-color-Joy-Con-NO-POWER/264722154357?hash=item3da2ab8375:g:9YoAAOSwbQVesgo1,"['Cape Coral', 'FL', 'United States']", electronicas2012,101.0,90.2
2020-05-05 12:00:00,Nintendo Switch HAC-001 32GB Console with Gray Joy‑Con - WATER DAMAGE,220.0,10.0,Parts Only,https://www.ebay.com/itm/Nintendo-Switch-HAC-001-32GB-Console-with-Gray-Joy-Con-WATER-DAMAGE/254583638881?hash=item3b465e0b61:g:EH4AAOSwAkZeqlsA,"['Los Angeles', 'California', 'United States']", zella05nic,245.0,100.0
2020-05-05 05:23:00,"Nintendo Switch Console HACSKABAA, - Locked",209.0,0.0,Parts Only,https://www.ebay.com/itm/Nintendo-Switch-Console-HACSKABAA-Locked-/264716338990?_trksid=p2349526.m4383.l10137.c10&nordt=true&rt=nc&orig_cvip=true,"['Hackensack', 'New Jersey', 'United States']", certrbtech,3001.0,98.3
2020-05-05 05:23:00,Nintendo Switch Console - HACSKABAA - Locked,209.0,0.0,Parts Only,https://www.ebay.com/itm/Nintendo-Switch-Console-HACSKABAA-Locked-/264716338479?_trksid=p2349526.m4383.l10137.c10&nordt=true&rt=nc&orig_cvip=true,"['Hackensack', 'New Jersey', 'United States']", certrbtech,3001.0,98.3
2020-05-05 05:23:00,Nintendo Switch Gaming Console - HACSKABAA Customer Email Locked Device,209.0,0.0,Parts Only,https://www.ebay.com/itm/Nintendo-Switch-Gaming-Console-HACSKABAA-Customer-Email-Locked-Device-/264555211628?_trksid=p2349526.m4383.l10137.c10&nordt=true&rt=nc&orig_cvip=true,"['Hackensack', 'New Jersey', 'United States']", certrbtech,3001.0,98.3
2020-05-05 05:23:00,"Nintendo Switch Console Only, HACSKABAA Customer Email Locked Devices",209.0,0.0,Parts Only,https://www.ebay.com/itm/Nintendo-Switch-Console-Only-HACSKABAA-Customer-Email-Locked-Devices-/264646097623?_trksid=p2349526.m4383.l10137.c10&nordt=true&rt=nc&orig_cvip=true,"['Hackensack', 'New Jersey', 'United States']", certrbtech,3001.0,98.3
2020-05-05 05:23:00,Nintendo Switch Game Console HACSKABAA - Locked,209.0,0.0,Parts Only,https://www.ebay.com/itm/Nintendo-Switch-Game-Console-HACSKABAA-Locked-/264579145295?_trksid=p2349526.m4383.l10137.c10&nordt=true&rt=nc&orig_cvip=true,"['Hackensack', 'New Jersey', 'United States']", certrbtech,3001.0,98.3
2020-05-05 05:23:00,Nintendo Switch Game Console HACSKABAA Locked,209.0,0.0,Parts Only,https://www.ebay.com/itm/Nintendo-Switch-Game-Console-HACSKABAA-Locked-/264579144373?_trksid=p2349526.m4383.l10137.c10&nordt=true&rt=nc&orig_cvip=true,"['Hackensack', 'New Jersey', 'United States']", certrbtech,3001.0,98.3
2020-05-05 05:23:00,Nintendo Switch Game Console - HACSKABAA - Locked,209.0,0.0,Parts Only,https://www.ebay.com/itm/Nintendo-Switch-Game-Console-HACSKABAA-Locked-/264579145993?_trksid=p2349526.m4383.l10137.c10&nordt=true&rt=nc&orig_cvip=true,"['Hackensack', 'New Jersey', 'United States']", certrbtech,3001.0,98.3
2020-05-05 05:23:00,"Nintendo Switch Game Console - HACSKABAA , Locked",209.0,0.0,Parts Only,https://www.ebay.com/itm/Nintendo-Switch-Game-Console-HACSKABAA-Locked-/264579136955?_trksid=p2349526.m4383.l10137.c10&nordt=true&rt=nc&orig_cvip=true,"['Hackensack', 'New Jersey', 'United States']", certrbtech,3001.0,98.3
2020-05-05 05:23:00,"Nintendo - Switch Game Console, HACSKABAA, Locked",209.0,0.0,Parts Only,https://www.ebay.com/itm/Nintendo-Switch-Game-Console-HACSKABAA-Locked-/264579143901?_trksid=p2349526.m4383.l10137.c10&nordt=true&rt=nc&orig_cvip=true,"['Hackensack', 'New Jersey', 'United States']", certrbtech,3001.0,98.3
2020-05-04 16:16:00,Nintendo switch console,153.5,23.15,Parts Only,https://www.ebay.com/itm/Nintendo-switch-console/373034883086?hash=item56da9c980e:g:LpcAAOSw8CBep2d8,"Virginia Beach, Virginia, United States", dhabhan_1,21.0,100.0
2020-05-04 14:16:00,nintendo switch console (parts only) *read description *,130.0,23.15,Parts Only,https://www.ebay.com/itm/nintendo-switch-console-parts-only-read-description/124170453661?hash=item1ce922c29d:g:W0oAAOSwWp9emK8J,"['Bronxville', 'New York', 'United States']", kati_poles,7.0,100.0
2020-05-04 09:38:00,Nintendo Switch 32GB Sold As Is Or For Parts HAC-001,168.0,26.7,Parts Only,https://www.ebay.com/itm/Nintendo-Switch-32GB-Sold-As-Is-Or-For-Parts-HAC-001-/264713338442?_trksid=p2349526.m4383.l10137.c10&nordt=true&rt=nc&orig_cvip=true,"['Willoughby', 'Ohio', 'United States']", thirdmurphy20,114.0,100.0
2020-05-04 09:31:00,Nintendo Switch 32GB Sold As Is Or For Parts HAC-001,134.5,26.7,Parts Only,https://www.ebay.com/itm/Nintendo-Switch-32GB-Sold-As-Is-Or-For-Parts-HAC-001-/264713333298?_trksid=p2349526.m4383.l10137.c10&nordt=true&rt=nc&orig_cvip=true,"['Willoughby', 'Ohio', 'United States']", thirdmurphy20,114.0,100.0
2020-05-04 06:34:00,Nintendo Switch Console Gray (Parts),300.0,14.95,Parts Only,https://www.ebay.com/itm/Nintendo-Switch-Console-Gray-Parts/164179050485?hash=item2639d57ff5:g:OUQAAOSwxMFeoc8u,"['Indianapolis', 'Indiana', 'United States']", discountgrab,31537.0,99.4
2020-05-03 17:55:00,"Nintendo Switch (water damage) with dock,controller,case, Star Wars Pinball",201.0,5.0,Parts Only,https://www.ebay.com/itm/Nintendo-Switch-water-damage-with-dock-controller-case-Star-Wars-Pinball/202976317601?hash=item2f4254d0a1:g:ErkAAOSws4Nepi0I,"['Gainesville', 'Florida', 'United States']", kirbyrioted,19.0,100.0
2020-05-03 16:26:00,Nintendo Switch 32GB *TABLET* + 128GB MicroSD Card + Nyko Protector + ORZLY Case,142.5,9.2,Parts Only,https://www.ebay.com/itm/Nintendo-Switch-32GB-TABLET-128GB-MicroSD-Card-Nyko-Protector-ORZLY-Case/133396199789?hash=item1f0f08796d:g:yykAAOSwMKFelfle,"San Jose, California, United States", laser-kean,132.0,100.0
2020-05-03 13:35:00,Nintendo Switch Console Lot of 3 For Parts and or Repair,400.0,0.0,Parts Only,https://www.ebay.com/itm/Nintendo-Switch-Console-Lot-of-3-For-Parts-and-or-Repair/184275269795?hash=item2ae7a978a3:g:bVsAAOSwIuNerIIR,"['Lancaster', 'California', 'United States']", avretro,5019.0,100.0
2020-05-03 00:00:00,Nintendo Switch Console Only NO POWER - XAW10054487382,170.5,5.3,Parts Only,https://www.ebay.com/itm/Nintendo-Switch-Console-Only-NO-POWER-XAW10054487382/333584462570?hash=item4dab2ef2ea:g:GlcAAOSwQaZepSeA,"Berkeley, California, United States", wajsy41,9.0,100.0
2020-05-01 17:00:00,(Broken Not Working)Nintendo Switch Console with Neon Red and Neon Blue Joy-Con,202.5,26.7,Parts Only,https://www.ebay.com/itm/Broken-Not-Working-Nintendo-Switch-Console-with-Neon-Red-and-Neon-Blue-Joy-Con/264710699657?hash=item3da1fcba89:g:YjIAAOSwOWteo3zg,"Cumberland, Maryland, United States", aleyoun548,10.0,100.0
2020-05-01 13:49:00,Nintendo Switch 32GB Consolen(No Charger Port),80.0,8.0,Parts Only,https://www.ebay.com/itm/Nintendo-Switch-32GB-Consolen-No-Charger-Port/202980326138?hash=item2f4291fafa:g:MdMAAOSwt3terIoW,"Chelsea, Massachusetts, United States", ybfromthecity,6.0,80.0
2020-05-01 11:35:00,Nintendo Switch For Parts Or Repair Only! Won't power on. First gen. ,177.5,0.0,Parts Only,https://www.ebay.com/itm/Nintendo-Switch-For-Parts-Or-Repair-Only-Wont-power-on-First-gen-/153908163768?_trksid=p2349526.m4383.l10137.c10&nordt=true&rt=nc&orig_cvip=true,"['Lowell', 'Massachusetts', 'United States']", saoyo-sa-wgib5yuxrz,13.0,100.0
2020-05-01 10:30:00,Nintendo Switch console only Zelda Edition Not Working Will Not Charge For Parts,149.99,0.0,Parts Only,https://www.ebay.com/itm/Nintendo-Switch-console-only-Zelda-Edition-Not-Working-Will-Not-Charge-For-Parts/223995889423?hash=item342732070f:g:o4IAAOSwhQherFXj,"Las Vegas, Nevada, United States", dbzgx1,171.0,100.0
2020-05-01 06:57:00,Nintendo Switch HAC-001 32GB Sold As Is Or For Parts,160.0,26.7,Parts Only,https://www.ebay.com/itm/Nintendo-Switch-HAC-001-32GB-Sold-As-Is-Or-For-Parts-/264717485276?_trksid=p2349526.m4383.l10137.c10&nordt=true&rt=nc&orig_cvip=true,"['Willoughby', 'Ohio', 'United States']", thirdmurphy20,114.0,100.0
2020-04-30 17:52:00,Nintendo Switch UNPATCHED Console tablet ONLY! XAW1004710 Low Serial # READ!!!!,329.99,0.0,Parts Only,https://www.ebay.com/itm/Nintendo-Switch-UNPATCHED-Console-tablet-ONLY-XAW1004710-Low-Serial-READ-/254576082681?_trksid=p2349526.m4383.l10137.c10&nordt=true&rt=nc&orig_cvip=true,"Riverside, California, United States", jehad5555,1430.0,99.4
2020-04-30 17:30:00,Nintendo Switch 32GB [FIX & FLIP YOURSELF - DON'T TURN ON] ,217.5,19.95,Parts Only,https://www.ebay.com/itm/Nintendo-Switch-32GB-FIX-FLIP-YOURSELF-DONT-TURN-ON-/124170074190?_trksid=p2349526.m4383.l10137.c10&nordt=true&rt=nc&orig_cvip=true,"['Folsom', 'California', 'United States']", wickedwolfdeals,317.0,98.4
2020-04-30 17:08:00,Nintendo Switch 32GB Console with Neon Joy-Con - PARENTAL LOCK,90.0,0.0,Parts Only,https://www.ebay.com/itm/Nintendo-Switch-32GB-Console-with-Neon-Joy-Con-PARENTAL-LOCK-/303555756038?_trksid=p2349526.m4383.l10137.c10&nordt=true&rt=nc&orig_cvip=true,"['Santa Clarita', 'California', 'United States']", yoursavings,6678.0,99.1
2020-04-30 17:04:00,Nintendo Switch (Wont turn on),192.5,14.29,Parts Only,https://www.ebay.com/itm/Nintendo-Switch-Wont-turn-on/373034914937?hash=item56da9d1479:g:5IUAAOSwd5Fep3G-,"['Tahlequah', 'Oklahoma', 'United States']", tylerutt,3.0,100.0
2020-04-30 16:19:00,Nintendo Switch 32GB Console - DEFECTIVE CHARGE,110.0,0.0,Parts Only,https://www.ebay.com/itm/Nintendo-Switch-32GB-Console-DEFECTIVE-CHARGE-/283864028534?_trksid=p2349526.m4383.l10137.c10&nordt=true&rt=nc&orig_cvip=true,"['Santa Clarita', 'California', 'United States']", yoursavings,6678.0,99.1
2020-04-30 14:39:00,Nintendo Switch 32GB Console - DEFECTIVE FROZEN,110.0,0.0,Parts Only,https://www.ebay.com/itm/Nintendo-Switch-32GB-Console-DEFECTIVE-FROZEN-/283863966552?_trksid=p2349526.m4383.l10137.c10&nordt=true&rt=nc&orig_cvip=true,"['Santa Clarita', 'California', 'United States']", yoursavings,6678.0,99.1
2020-04-30 14:38:00,Nintendo Switch 32GB Console - DEFECTIVE POWER,110.0,0.0,Parts Only,https://www.ebay.com/itm/Nintendo-Switch-32GB-Console-DEFECTIVE-POWER-/303555644086?_trksid=p2349526.m4383.l10137.c10&nordt=true&rt=nc&orig_cvip=true,"['Santa Clarita', 'California', 'United States']", yoursavings,6678.0,99.1
2020-04-30 14:37:00,Nintendo Switch 32GB Console - DEFECTIVE POWER,110.0,0.0,Parts Only,https://www.ebay.com/itm/Nintendo-Switch-32GB-Console-DEFECTIVE-POWER/283863964938?hash=item42179c5d0a:g:CdAAAOSwq05dYCNX,"['Santa Clarita', 'California', 'United States']", yoursavings,6678.0,99.1
2020-04-29 19:31:00,Nintendo Switch Console Only - HACSKABAA - For Parts *Read,209.0,0.0,Parts Only,https://www.ebay.com/itm/Nintendo-Switch-Console-Only-HACSKABAA-For-Parts-Read/264539780852?epid=23024812516&amp;hash=item3d97ccb6f4:g:N9YAAOSwQKdcwvLk,"['Hackensack', 'New Jersey', 'United States']", certrbtech,3003.0,98.3
2020-04-29 15:08:00,Nintendo SwitchÂ & Extras - Console will not turn on -HAC001 - Game- Remotes-,320.0,9.0,Parts Only,https://www.ebay.com/itm/Nintendo-Switch-Extras-Console-will-not-turn-on-HAC001-Game-Remotes/293560500060?hash=item445991bf5c:g:Mx0AAOSwfZpepgZU,"Columbia, Tennessee, United States", cherilen,1430.0,100.0
2020-04-29 12:53:00,"Nintendo Switch 32GB Console Broken as is, Comes with Broken JoyCons as Well",207.5,26.7,Parts Only,https://www.ebay.com/itm/Nintendo-Switch-32GB-Console-Broken-as-is-Comes-with-Broken-JoyCons-as-Well-/362977243465?_trksid=p2349526.m4383.l10137.c10&nordt=true&rt=nc&orig_cvip=true,"['Williamstown', 'New Jersey', 'United States']", chrisave31,1.0,100.0
2020-04-28 20:50:00,Nintendo Switch Gray Console W/ Joy-Cons Only - For Parts  * Read Description *,229.85,0.0,Parts Only,https://www.ebay.com/itm/Nintendo-Switch-Gray-Console-W-Joy-Cons-Only-For-Parts-Read-Description-/124169571523?_trksid=p2349526.m4383.l10137.c10&nordt=true&rt=nc&orig_cvip=true,"['Denver', 'Colorado', 'United States']", moulin13s,1313.0,100.0
2020-04-28 10:37:00,Nintendo Switch 32GB Console Gray (Parts),232.5,14.95,Parts Only,https://www.ebay.com/itm/Nintendo-Switch-32GB-Console-Gray-Parts/164171778041?hash=item26396687f9:g:LvQAAOSwI49eodIz,"['Indianapolis', 'Indiana', 'United States']", discountgrab,31540.0,99.4
2020-04-28 10:24:00,Nintendo Switch Console Gray (Parts),305.0,14.95,Parts Only,https://www.ebay.com/itm/Nintendo-Switch-Console-Gray-Parts/153907124429?hash=item23d59458cd:g:OUQAAOSwxMFeoc8u,"['Indianapolis', 'Indiana', 'United States']", discountgrab,31540.0,99.4
2020-04-27 22:47:00,Nintendo Switch 32GB Sold As Is Or For Parts,180.5,9.9,Parts Only,https://www.ebay.com/itm/Nintendo-Switch-32GB-Sold-As-Is-Or-For-Parts-/264706824569?_trksid=p2349526.m4383.l10137.c10&nordt=true&rt=nc&orig_cvip=true,"['Los Angeles', 'California', 'United States']", mh_disneycollectables,173.0,85.2
2020-04-27 15:27:00,Broken Nintendo Switch Console Only,178.6,28.58,Parts Only,https://www.ebay.com/itm/Broken-Nintendo-Switch-Console-Only/293558500072?hash=item4459733ae8:g:A3AAAOSw~15eo3~l,"['Simcoe', 'Ontario', 'Canada']", iswla-13,8.0,100.0
2020-04-27 10:16:00,Nintendo Switch Console 32GB Red Blue Neon Joy-Cons VERSION 2 IN HAND SHIPS NOW!,389.9,0.0,Parts Only,https://www.ebay.com/itm/Nintendo-Switch-Console-32GB-Red-Blue-Neon-Joy-Cons-VERSION-2-IN-HAND-SHIPS-NOW/114202775765?hash=item1a970410d5:g:N8QAAOSw-r5epj04,"['Union', 'New Jersey', 'United States']", pickingout,3249.0,99.7
2020-04-27 08:35:00,Nintendo Switch 32GB Console Broken as is with Box,255.0,15.05,Parts Only,https://www.ebay.com/itm/Nintendo-Switch-32GB-Console-Broken-as-is-with-Box-/223983806528?_trksid=p2349526.m4383.l10137.c10&nordt=true&rt=nc&orig_cvip=true,"['Converse', 'Indiana', 'United States']", hovermale131,140.0,100.0
2020-04-26 14:01:00,Nintendo Switch 32GB Console Broken as is with Box,227.5,0.0,Parts Only,https://www.ebay.com/itm/Nintendo-Switch-32GB-Console-Broken-as-is-with-Box-/264705348531?_trksid=p2349526.m4383.l10137.c10&nordt=true&rt=nc&orig_cvip=true,"['Stanton', 'California', 'United States']", burguiy09,344.0,91.2
2020-04-26 06:55:00,Nintendo SwitchÂ Console only. Display not working. Only Console included.,150.0,8.85,Parts Only,https://www.ebay.com/itm/Nintendo-Switch-Neon-Red-and-Neon-Blue-Joy-Con-Console-/333584463073?_trksid=p2349526.m4383.l10137.c10&nordt=true&rt=nc&orig_cvip=true,"Toronto, Ontario, Canada", tianyyuan1210,8.0,100.0
2020-04-25 11:56:00,Nintendo Switch 32GB Sold As Is Or For Parts,177.5,26.7,Parts Only,https://www.ebay.com/itm/Nintendo-Switch-32GB-Sold-As-Is-Or-For-Parts-/264704171925?_trksid=p2349526.m4383.l10137.c10&nordt=true&rt=nc&orig_cvip=true,"['Willoughby', 'Ohio', 'United States']", thirdmurphy20,114.0,100.0
2020-04-24 15:17:00,Nintendo Switch Console 32GB Red Blue Neon Joy-Cons IN HAND SHIPS NOW!,379.9,0.0,Parts Only,https://www.ebay.com/itm/Nintendo-Switch-Console-32GB-Red-Blue-Neon-Joy-Cons-IN-HAND-SHIPS-NOW/124164987185?hash=item1ce8cf5931:g:GWcAAOSwGIZeoWjE,"['Union', 'New Jersey', 'United States']", pickingout,3250.0,99.7
2020-04-24 12:08:00,Nintendo Switch HAC-001(-01) Tablet Only - Will Not Read Cartridges,199.99,0.0,Parts Only,https://www.ebay.com/itm/Nintendo-Switch-HAC-001-01-Tablet-Only-Will-Not-Read-Cartridges/193436776607?hash=item2d09baf89f:g:Iv4AAOSw3TJeoza-,"[""Land O' Lakes"", 'Florida', 'United States']", butt_tro,354.0,100.0
2020-04-24 10:59:00,Nintendo Switch 32GB *TABLET* + 128GB MicroSD Card + Nyko Protector + ORZLY Case,219.35,9.2,Parts Only,https://www.ebay.com/itm/Nintendo-Switch-32GB-TABLET-128GB-MicroSD-Card-Nyko-Protector-ORZLY-Case/133386956359?hash=item1f0e7b6e47:g:yykAAOSwMKFelfle,"San Jose, California, United States", laser-kean,132.0,100.0
2020-04-23 14:15:00,Nintendo Switch 32GB Console - DEFECTIVE CHARGE,110.0,0.0,Parts Only,https://www.ebay.com/itm/Nintendo-Switch-32GB-Console-DEFECTIVE-CHARGE-/274345825895?_trksid=p2349526.m4383.l10137.c10&nordt=true&rt=nc&orig_cvip=true,"['Santa Clarita', 'California', 'United States']", yoursavings,6678.0,99.1
2020-04-23 14:14:00,Nintendo Switch 32GB Console - DEFECTIVE POWER,110.0,0.0,Parts Only,https://www.ebay.com/itm/Nintendo-Switch-32GB-Console-DEFECTIVE-POWER-/274345826818?_trksid=p2349526.m4383.l10137.c10&nordt=true&rt=nc&orig_cvip=true,"['Santa Clarita', 'California', 'United States']", yoursavings,6678.0,99.1
2020-04-23 14:12:00,Nintendo Switch 32GB Console - DEFECTIVE POWER,110.0,0.0,Parts Only,https://www.ebay.com/itm/Nintendo-Switch-32GB-Console-DEFECTIVE-POWER/274345823347?hash=item3fe0490c73:g:CdAAAOSwq05dYCNX,"['Santa Clarita', 'California', 'United States']", yoursavings,6678.0,99.1
2020-04-23 12:35:00,Nintendo Switch 32GB Console - DEFECTIVE POWER,100.0,0.0,Parts Only,https://www.ebay.com/itm/Nintendo-Switch-32GB-Console-DEFECTIVE-POWER-/303548696621?_trksid=p2349526.m4383.l10137.c10&nordt=true&rt=nc&orig_cvip=true,"['Santa Clarita', 'California', 'United States']", yoursavings,6678.0,99.1
2020-04-23 08:35:00,nintendo switch for parts not working,216.09,0.0,Parts Only,https://www.ebay.com/itm/nintendo-switch-for-parts-not-working/392765474549?hash=item5b72a586f5:g:Jy4AAOSwbBxemHoR,"Fort Myers, Florida, United States", lpsda_35,70.0,100.0
2020-04-23 08:19:00,"DAMAGED Nintendo Switch 32GB Console with Joy-Cons, Grip, box, and Dock",310.0,23.15,Parts Only,https://www.ebay.com/itm/DAMAGED-Nintendo-Switch-32GB-Console-with-Joy-Cons-Grip-box-and-Dock-/184261040582?_trksid=p2349526.m4383.l10137.c10&nordt=true&rt=nc&orig_cvip=true,"Damascus, Maryland, United States", saydiakev,21.0,100.0
2020-04-23 05:49:00,Nintendo Switch Console 32GB Red Blue Neon Joy-Cons IN HAND SHIPS NOW!,419.9,0.0,Parts Only,https://www.ebay.com/itm/Nintendo-Switch-Console-32GB-Red-Blue-Neon-Joy-Cons-IN-HAND-SHIPS-NOW/114197008788?hash=item1a96ac1194:g:GWcAAOSwGIZeoWjE,"['Union', 'New Jersey', 'United States']", pickingout,3250.0,99.7
2020-04-22 17:28:00,Nintendo Switch Console Only Not Working For Parts Or Repair,170.0,8.3,Parts Only,https://www.ebay.com/itm/Nintendo-Switch-Console-Only-Not-Working-For-Parts-Or-Repair/254574240584?hash=item3b45cea348:g:fBMAAOSwZYdenOxh,"Central Islip, New York, United States", xice101x,189.0,100.0
2020-04-22 14:40:00,Nintendo Switch HAC-001(-01) Tablet Only - Not Working/For Repair,155.5,8.0,Parts Only,https://www.ebay.com/itm/Nintendo-Switch-HAC-001-01-Tablet-Only-Not-Working-For-Repair/303543302308?hash=item46ac9738a4:g:groAAOSwuJpemh9e,"['Santa Monica', 'California', 'United States']", alpkancakici,9.0,100.0
2020-04-22 12:05:00,Nintento Switch Console Only Not Working Unpatched (AS IS),186.5,4.46,Parts Only,https://www.ebay.com/itm/Nintento-Switch-Console-Only-Not-Working-Unpatched-AS-IS/264701045173?hash=item3da16969b5:g:HA4AAOSwuSxel1ck,"Newark, New Jersey, United States", rocklobster3,559.0,100.0
2020-04-22 11:49:00,"Nintendo Switch 32GB Console Broken as is, Comes with Broken JoyCons as Well",227.5,26.7,Parts Only,https://www.ebay.com/itm/Nintendo-Switch-32GB-Console-Broken-as-is-Comes-with-Broken-JoyCons-as-Well-/362971457363?_trksid=p2349526.m4383.l10137.c10&nordt=true&rt=nc&orig_cvip=true,"['Williamstown', 'New Jersey', 'United States']", chrisave31,1.0,100.0
2020-04-22 06:32:00,"Broken Nintendo Switch Console AS IS, includes JoyCons (Blue JoyCon also Broken)",135.0,20.0,Parts Only,https://www.ebay.com/itm/Broken-Nintendo-Switch-Console-AS-IS-includes-JoyCons-Blue-JoyCon-also-Broken/133392976338?hash=item1f0ed749d2:g:ZU0AAOSwhEdeoDpA,"Farmington, Michigan, United States", pescarule0,10.0,100.0
2020-04-21 23:03:00,Nintendo Switch 32GB Gaming Console Neon Joy-Cons NO DOCK AS IS BAD/DIM SCREEN ,139.95,0.0,Parts Only,https://www.ebay.com/itm/Nintendo-Switch-32GB-Gaming-Console-Neon-Joy-Cons-NO-DOCK-AS-IS-BAD-DIM-SCREEN-/174258357327?_trksid=p2349526.m4383.l10137.c10&nordt=true&rt=nc&orig_cvip=true,"['Kingman', 'Arizona', 'United States']", fortheloveofthegame,2859.0,100.0
2020-04-21 12:21:00,nintendo switch console (parts only),205.5,0.0,Parts Only,https://www.ebay.com/itm/nintendo-switch-console-parts-only/124156292242?hash=item1ce84aac92:g:W0oAAOSwWp9emK8J,"['Bronxville', 'New York', 'United States']", kati_poles,7.0,100.0
2020-04-20 17:25:00,Nintendo Switch 32GB Console & Gray Joycon's As Is Parts ,305.0,0.0,Parts Only,https://www.ebay.com/itm/Nintendo-Switch-32GB-Console-Gray-Joycons-As-Is-Parts-/193422210256?_trksid=p2349526.m4383.l10137.c10&nordt=true&rt=nc&orig_cvip=true,"['Fremont', 'Nebraska', 'United States']", thescratchingpost,734.0,100.0
2020-04-20 16:20:00,Nintendo Switch Console Only XAW942006 Wonâ€™t Load Please Read Description,239.99,0.0,Parts Only,https://www.ebay.com/itm/Nintendo-Switch-Console-Only-XAW942006-Won-t-Load-Please-Read-Description-/164163831009?_trksid=p2349526.m4383.l10137.c10&nordt=true&rt=nc&orig_cvip=true,"Heber City, Utah, United States", tech1shop,2053.0,99.4
2020-04-20 15:31:00,Nintendo Switch Lite - Turquoise- Damage Screen FOR PARTS OR REPAIR #13,104.95,0.0,Parts Only,https://www.ebay.com/itm/Nintendo-Switch-Lite-Turquoise-Damage-Screen-FOR-PARTS-OR-REPAIR-13/184261514865?hash=item2ae6d79671:g:ijwAAOSwMQJeniA1,"Holiday, Florida, United States", dealsrus52,267.0,99.1
2020-04-20 15:21:00,Nintendo Switch Lite - Turquoise- Joystick Issues FOR PARTS OR REPAIR #12,129.95,0.0,Parts Only,https://www.ebay.com/itm/Nintendo-Switch-Lite-Turquoise-Joystick-Issues-FOR-PARTS-OR-REPAIR-12/184261503723?hash=item2ae6d76aeb:g:lx0AAOSwe-Renh1k,"Holiday, Florida, United States", dealsrus52,267.0,99.1
2020-04-20 14:20:00,"Nintendo Switch UNPATCHED Tablet Only - For Parts, See Description",212.5,23.15,Parts Only,https://www.ebay.com/itm/Nintendo-Switch-UNPATCHED-Tablet-Only-For-Parts-See-Description/124152779792?hash=item1ce8151410:g:skUAAOSwY5pelNWV,"['Athens', 'Ohio', 'United States']", brychoeh-0,20.0,100.0
2020-04-20 10:57:00,Nintendo Switch HDHSBAZAA Lite - Turquoise- NO POWER FOR PARTS OR REPAIR #9,89.95,8.0,Parts Only,https://www.ebay.com/itm/Nintendo-Switch-HDHSBAZAA-Lite-Turquoise-NO-POWER-FOR-PARTS-OR-REPAIR-9/184261198923?hash=item2ae6d2c44b:g:UqwAAOSwgEVeneDy,"Holiday, Florida, United States", dealsrus52,267.0,99.1
2020-04-19 19:11:00,"Nintendo Switch for Parts, Not working AS IS",167.5,7.0,Parts Only,https://www.ebay.com/itm/Nintendo-Switch-for-Parts-Not-working-AS-IS/373019550765?hash=item56d9b2a42d:g:U00AAOSwu~Rek9kD,"Midland, Texas, United States", kevinho-0,9.0,100.0
2020-04-19 08:01:00,Nintendo Switch 32GB Console W/ Dock HAC-001 Cracked Screen Parts Repair As Is,220.0,0.0,Parts Only,https://www.ebay.com/itm/Nintendo-Switch-32GB-Console-W-Dock-HAC-001-Cracked-Screen-Parts-Repair-As-Is-/174254970289?_trksid=p2349526.m4383.l10137.c10&nordt=true&rt=nc&orig_cvip=true,"['Clovis', 'California', 'United States']", drgmsales-5,872.0,99.8
2020-04-18 22:38:00,nintendo switch console only,190.0,20.8,Parts Only,https://www.ebay.com/itm/nintendo-switch-console-only/184259105157?hash=item2ae6b2d185:g:uXkAAOSwn2lem9zs,"Plano, Texas, United States", sipes216,276.0,100.0
2020-04-18 18:55:00,Nintendo Switch Tablet Gaming Console For Parts,200.0,0.0,Parts Only,https://www.ebay.com/itm/Nintendo-Switch-Tablet-Gaming-Console-For-Parts/333565408643?hash=item4daa0c3583:g:33gAAOSwbj9ehmdQ,"['Laredo', 'Texas', 'United States']", ruleboy22,1510.0,100.0
2020-04-17 17:59:00,Nintendo Switch 32GB Gray Console [AS IS - BROKEN LCD] Comes With new LCD & SD!,375.0,18.67,Parts Only,https://www.ebay.com/itm/Nintendo-Switch-32GB-Gray-Console-AS-IS-BROKEN-LCD-Comes-With-new-LCD-SD-/124156568019?_trksid=p2349526.m4383.l10137.c10&nordt=true&rt=nc&orig_cvip=true,"['Folsom', 'California', 'United States']", wickedwolfdeals,317.0,98.4
2020-04-17 13:33:00,"nintendo switch, tablet and joy cons. Banned",225.0,0.0,Parts Only,https://www.ebay.com/itm/nintendo-switch-tablet-and-joy-cons-Banned/313056849757?hash=item48e3a46f5d:g:GDMAAOSwWG5emc4p,"Carrollton, Texas, United States", lanby-81,1.0,100.0
2020-04-17 02:16:00, Nintendo Switch Lite Handheld Video Game Console Turquoise - PARTS READ AD,89.99,0.0,Parts Only,https://www.ebay.com/itm/Nintendo-Switch-Lite-Handheld-Video-Game-Console-Turquoise-PARTS-READ-AD/184256807504?hash=item2ae68fc250:g:BgAAAOSwcMZePBHb,"Travelers Rest, South Carolina, United States", steal*of*a*deal,835.0,100.0
2020-04-16 18:45:00,"Nintendo Switch Console w/ Joy Cons, Docking Port *For Parts Only*",295.6,0.0,Parts Only,https://www.ebay.com/itm/Nintendo-Switch-Console-w-Joy-Cons-Docking-Port-For-Parts-Only/293549332154?hash=item4458e756ba:g:mJEAAOSw1dVemM9V,"['Wilkinson', 'Indiana', 'United States']", austindevin,36117.0,100.0
2020-04-16 15:14:00,Nintendo Switch 32GB Console - DEFECTIVE FROZEN,110.0,0.0,Parts Only,https://www.ebay.com/itm/Nintendo-Switch-32GB-Console-DEFECTIVE-FROZEN-/303542461814?_trksid=p2349526.m4383.l10137.c10&nordt=true&rt=nc&orig_cvip=true,"['Santa Clarita', 'California', 'United States']", yoursavings,6678.0,99.1
2020-04-16 15:13:00,Nintendo Switch 32GB Console - DEFECTIVE POWER,110.0,0.0,Parts Only,https://www.ebay.com/itm/Nintendo-Switch-32GB-Console-DEFECTIVE-POWER/274339166688?hash=item3fdfe379e0:g:CdAAAOSwq05dYCNX,"['Santa Clarita', 'California', 'United States']", yoursavings,6678.0,99.1
2020-04-16 06:55:00,Nintendo Switch Console For Repair (Wonâ€™t Charge),192.5,23.15,Parts Only,https://www.ebay.com/itm/Nintendo-Switch-Console-For-Repair-Won-t-Charge/392755529112?epid=14035656818&amp;hash=item5b720dc598:g:ta8AAOSwHb9ejklq,"Scottsboro, Alabama, United States", thatgirlwi-4,3.0,100.0
2020-04-14 17:41:00,Nintendo Switch Lite - Gray,130.0,4.9,Parts Only,https://www.ebay.com/itm/Nintendo-Switch-Lite-Gray/293547149657?hash=item4458c60959:g:IPAAAOSwvvJePBHF,"['Lancaster', 'Texas', 'United States']", wibsa.br.9fflxpit,1.0,100.0
2020-04-14 07:34:00,Nintendo Switch 32GB Sold As Is Or For Parts,159.5,26.7,Parts Only,https://www.ebay.com/itm/Nintendo-Switch-32GB-Sold-As-Is-Or-For-Parts/264692580961?epid=23024812516&amp;hash=item3da0e84261:g:DckAAOSwBiNejI70,"['Willoughby', 'Ohio', 'United States']", thirdmurphy20,114.0,100.0
2020-04-13 20:37:00,"Nintendo Switch Console w/ Joy Cons, Docking Port *For Parts Only*",249.99,0.0,Parts Only,https://www.ebay.com/itm/Nintendo-Switch-Console-w-Joy-Cons-Docking-Port-For-Parts-Only/124152808405?hash=item1ce81583d5:g:NpIAAOSw0UNelN3J,"['Keene', 'New Hampshire', 'United States']", goldenmissle23,6166.0,100.0
2020-04-13 12:00:00,Nintendo Switch 32GB Console AS-IS/FIX,145.5,10.0,Parts Only,https://www.ebay.com/itm/Nintendo-Switch-32GB-Console-AS-IS-FIX/264693806695?hash=item3da0faf667:g:Fy8AAOSwxfhejhmP,"['Derwood', 'Maryland', 'United States']", twinniss,49.0,100.0
2020-04-12 12:28:00,Nintendo Switch Console Only For Parts [P1],200.0,0.0,Parts Only,https://www.ebay.com/itm/Nintendo-Switch-Console-Only-For-Parts-P1-/223972616821?_trksid=p2349526.m4383.l10137.c10&nordt=true&rt=nc&orig_cvip=true,"['Bend', 'Oregon', 'United States']", emill_industries,810.0,99.8
2020-04-12 12:22:00,Nintendo Switch console with joy cons *For Parts Only*,175.0,23.15,Parts Only,https://www.ebay.com/itm/Nintendo-Switch-console-with-joy-cons-For-Parts-Only/303538836486?hash=item46ac531406:g:KNkAAOSwUvBeky-Q,"['New Lenox', 'Illinois', 'United States']", tmorri03,40.0,100.0
2020-04-12 12:03:00,Nintendo Switch Console Only For Parts [P2],176.0,0.0,Parts Only,https://www.ebay.com/itm/Nintendo-Switch-Console-Only-For-Parts-P2-/223972595065?_trksid=p2349526.m4383.l10137.c10&nordt=true&rt=nc&orig_cvip=true,"['Bend', 'Oregon', 'United States']", emill_industries,810.0,99.8
2020-04-11 23:30:00,Broken Nintendo Switch 32GB Console Tablet Only 5175,120.38,0.0,Parts Only,https://www.ebay.com/itm/Broken-Nintendo-Switch-32GB-Console-Tablet-Only-5175/254567089091?hash=item3b456183c3:g:igAAAOSwA6hekrFW,"Cleveland, Ohio, United States", brokenbargains,30196.0,98.8
2020-04-11 19:37:00,Nintendo Switch Console 32GB Red Blue Neon Joy-Cons Version 2 IN HAND SHIPS NOW!,389.9,0.0,Parts Only,https://www.ebay.com/itm/Nintendo-Switch-Console-32GB-Red-Blue-Neon-Joy-Cons-Version-2-IN-HAND-SHIPS-NOW/124150372032?hash=item1ce7f056c0:g:XroAAOSw0nlekhJx,"['Union', 'New Jersey', 'United States']", pickingout,3252.0,99.7
2020-04-11 18:17:00,Nintendo Switch Bundle Low Serial AS IS,380.0,12.25,Parts Only,https://www.ebay.com/itm/Nintendo-Switch-Bundle-Low-Serial-AS-IS/402204619329?hash=item5da5437241:g:7qMAAOSwt3teiSzz,"['San Diego', 'California', 'United States']", a-mimat-f7liw6,21.0,100.0
2020-04-10 16:44:00,Nintendo Switch 32GB Console - DEFECTIVE CHARGE,100.0,0.0,Parts Only,https://www.ebay.com/itm/Nintendo-Switch-32GB-Console-DEFECTIVE-CHARGE-/283843535776?_trksid=p2349526.m4383.l10137.c10&nordt=true&rt=nc&orig_cvip=true,"['Santa Clarita', 'California', 'United States']", yoursavings,6679.0,99.1
2020-04-10 16:40:00,"Nintendo Switch Console Only, For Parts Only or Repair",140.0,23.15,Parts Only,https://www.ebay.com/itm/Nintendo-Switch-Console-Only-For-Parts-Only-or-Repair/193418011062?hash=item2d089ca1b6:g:GnEAAOSwP2ZekJ31,"Ridgewood, New York, United States", j.gonzo1886,260.0,100.0
2020-04-10 14:49:00,Nintendo Switch 32GB Console - DEFECTIVE JOYCON READ,100.0,0.0,Parts Only,https://www.ebay.com/itm/Nintendo-Switch-32GB-Console-DEFECTIVE-JOYCON-READ/274333170033?hash=item3fdf87f971:g:CdAAAOSwq05dYCNX,"['Santa Clarita', 'California', 'United States']", yoursavings,6679.0,99.1
2020-04-10 14:46:00,Nintendo Switch 32GB Console - DEFECTIVE POWER,100.0,0.0,Parts Only,https://www.ebay.com/itm/Nintendo-Switch-32GB-Console-DEFECTIVE-POWER/283843469419?hash=item421663a06b:g:CdAAAOSwq05dYCNX,"['Santa Clarita', 'California', 'United States']", yoursavings,6679.0,99.1
2020-04-10 14:41:00,Nintendo Switch 32GB Console - DEFECTIVE POWER,100.0,0.0,Parts Only,https://www.ebay.com/itm/Nintendo-Switch-32GB-Console-DEFECTIVE-POWER-/274333167199?_trksid=p2349526.m4383.l10137.c10&nordt=true&rt=nc&orig_cvip=true,"['Santa Clarita', 'California', 'United States']", yoursavings,6679.0,99.1
2020-04-10 13:39:00,Nintendo Switch 32GB Console - DEFECTIVE SCREEN,100.0,0.0,Parts Only,https://www.ebay.com/itm/Nintendo-Switch-32GB-Console-DEFECTIVE-SCREEN-/303536860000?_trksid=p2349526.m4383.l10137.c10&nordt=true&rt=nc&orig_cvip=true,"['Santa Clarita', 'California', 'United States']", yoursavings,6679.0,99.1
2020-04-10 11:42:00,Nintendo Switch 32GB Console - DEFECTIVE FROZEN,100.0,0.0,Parts Only,https://www.ebay.com/itm/Nintendo-Switch-32GB-Console-DEFECTIVE-FROZEN-/274333038695?_trksid=p2349526.m4383.l10137.c10&nordt=true&rt=nc&orig_cvip=true,"['Santa Clarita', 'California', 'United States']", yoursavings,6679.0,99.1
2020-04-10 10:45:00,Nintendo Switch 32GB Console - DEFECTIVE L JOYCON READ,100.0,0.0,Parts Only,https://www.ebay.com/itm/Nintendo-Switch-32GB-Console-DEFECTIVE-L-JOYCON-READ/274332994119?hash=item3fdf854a47:g:CdAAAOSwq05dYCNX,"['Santa Clarita', 'California', 'United States']", yoursavings,6679.0,99.1
2020-04-10 10:37:00,Nintendo Switch 32GB Console - DEFECTIVE R JOYCON READ,100.0,0.0,Parts Only,https://www.ebay.com/itm/Nintendo-Switch-32GB-Console-DEFECTIVE-R-JOYCON-READ-/283843289615?_trksid=p2349526.m4383.l10137.c10&nordt=true&rt=nc&orig_cvip=true,"['Santa Clarita', 'California', 'United States']", yoursavings,6679.0,99.1
2020-04-10 10:33:00,Nintendo Switch 32GB Console - DEFECTIVE POWER,90.0,0.0,Parts Only,https://www.ebay.com/itm/Nintendo-Switch-32GB-Console-DEFECTIVE-POWER-/283843285606?_trksid=p2349526.m4383.l10137.c10&nordt=true&rt=nc&orig_cvip=true,"['Santa Clarita', 'California', 'United States']", yoursavings,6679.0,99.1
2020-04-10 10:32:00,Nintendo Switch 32GB Console - DEFECTIVE FROZEN,90.0,0.0,Parts Only,https://www.ebay.com/itm/Nintendo-Switch-32GB-Console-DEFECTIVE-FROZEN-/274332978738?_trksid=p2349526.m4383.l10137.c10&nordt=true&rt=nc&orig_cvip=true,"['Santa Clarita', 'California', 'United States']", yoursavings,6679.0,99.1
2020-04-09 15:16:00,32 GB Nintendo Switch W/ Cracked Screen--Still Works on TV,165.0,0.0,Parts Only,https://www.ebay.com/itm/32-GB-Nintendo-Switch-W-Cracked-Screen-Still-Works-on-TV/153892881051?hash=item23d4bb029b:g:7fMAAOSwxDFej4aC,"Fort Collins, Colorado, United States", eclecticretro,204.0,100.0
2020-04-09 12:00:00,Nintendo Switch Console AS-IS,160.0,0.0,Parts Only,https://www.ebay.com/itm/Nintendo-Switch-Console-AS-IS/392754724036?hash=item5b72017cc4:g:Sw4AAOSwbuJejlDw,"['Visalia', 'California', 'United States']", fixnsell,249.0,100.0
2020-04-09 11:54:00,Nintendo Switch Console Only For Parts [P2],152.5,0.0,Parts Only,https://www.ebay.com/itm/Nintendo-Switch-Console-Only-For-Parts-P2-/223969518200?_trksid=p2349526.m4383.l10137.c10&nordt=true&rt=nc&orig_cvip=true,"['Bend', 'Oregon', 'United States']", emill_industries,810.0,99.8
2020-04-09 11:46:00,Nintendo Switch Console Only For Parts [P1],162.5,0.0,Parts Only,https://www.ebay.com/itm/Nintendo-Switch-Console-Only-For-Parts-P1-/223969511239?_trksid=p2349526.m4383.l10137.c10&nordt=true&rt=nc&orig_cvip=true,"['Bend', 'Oregon', 'United States']", emill_industries,810.0,99.8
2020-04-09 08:43:00,Nintendo Switch Console HAC-001 with all accessories *READ* BUY NOW PARTS REPAIR,249.0,14.99,Parts Only,https://www.ebay.com/itm/Nintendo-Switch-Console-HAC-001-with-all-accessories-READ-BUY-NOW-PARTS-REPAIR/133383092903?hash=item1f0e407aa7:g:IL4AAOSwDwNej0CZ,"Ellenton, Florida, United States", jas-sales,1935.0,98.6
2020-04-07 09:26:00,NINTENDO SWITCH 32GB Console in Box (Controllers Won't Connect) (NO JOY-CONS),199.99,0.0,Parts Only,https://www.ebay.com/itm/NINTENDO-SWITCH-32GB-Console-in-Box-Controllers-Wont-Connect-NO-JOY-CONS-/153890526992?_trksid=p2349526.m4383.l10137.c10&nordt=true&rt=nc&orig_cvip=true,"['MIDWEST', 'STATE', 'United States']", discountcdtoolsdvd,54977.0,99.6
2020-04-06 17:54:00,Nintendo Switch Console HAC-001 with all accessories for parts/repairs *READ*,255.0,10.0,Parts Only,https://www.ebay.com/itm/Nintendo-Switch-Console-HAC-001-with-all-accessories-for-parts-repairs-READ/184233396142?hash=item2ae52a87ae:g:8OYAAOSwv-1ego9V,"Dalton, Georgia, United States", hoang-9930,19.0,100.0
2020-04-06 07:12:00,"Nintendo Switch Console, Joycons, Powercord, and Dock - Console wont charge.Â ",178.6,17.99,Parts Only,https://www.ebay.com/itm/Nintendo-Switch-Console-Joycons-Powercord-and-Dock-Console-wont-charge/223969264859?hash=item34259bc4db:g:EFEAAOSwi6Befn8g,"Lake Echo, Nova Scotia, Canada", blumsum17,22.0,100.0
2020-04-05 18:40:00,nintendo switch 32gb console tablet only,200.0,20.8,Parts Only,https://www.ebay.com/itm/nintendo-switch-32gb-console-tablet-only/174241965570?hash=item2891a16602:g:~L8AAOSwuxZeimtK,"Overland Park, Kansas, United States", kegue1,4.0,100.0
2020-04-05 12:55:00,Nintendo Switch Console Only For Parts [P2],157.5,0.0,Parts Only,https://www.ebay.com/itm/Nintendo-Switch-Console-Only-For-Parts-P2-/223967431474?_trksid=p2349526.m4383.l10137.c10&nordt=true&rt=nc&orig_cvip=true,"['Bend', 'Oregon', 'United States']", emill_industries,810.0,99.8
2020-04-05 12:52:00,Nintendo Switch Console Only For Parts Joy-Con Problem,177.5,0.0,Parts Only,https://www.ebay.com/itm/Nintendo-Switch-Console-Only-For-Parts-Joy-Con-Problem/223967429023?epid=23024812516&amp;hash=item34257fc19f:g:kMUAAOSwRq5eiOL6,"['Bend', 'Oregon', 'United States']", emill_industries,810.0,99.8
2020-04-05 12:32:00,Nintendo Switch Console Only For Parts Sound Problem,205.5,0.0,Parts Only,https://www.ebay.com/itm/Nintendo-Switch-Console-Only-For-Parts-Sound-Problem-/223967413277?_trksid=p2349526.m4383.l10137.c10&nordt=true&rt=nc&orig_cvip=true,"['Bend', 'Oregon', 'United States']", emill_industries,810.0,99.8
2020-04-05 12:31:00,Nintendo Switch Console Only For Parts [P1],130.0,0.0,Parts Only,https://www.ebay.com/itm/Nintendo-Switch-Console-Only-For-Parts-P1-/223967412092?_trksid=p2349526.m4383.l10137.c10&nordt=true&rt=nc&orig_cvip=true,"['Bend', 'Oregon', 'United States']", emill_industries,810.0,99.8
2020-04-04 19:42:00,Nintendo Switch HAC-001(-01) 32GB Console with Gray Joy‑Con,170.0,0.0,Parts Only,https://www.ebay.com/itm/Nintendo-Switch-HAC-001-01-32GB-Console-with-Gray-Joy-Con/264690058517?hash=item3da0c1c515:g:BBYAAOSwfD1egR2H,"['Gillette', 'Wyoming', 'United States']", atmsphr187,595.0,100.0
2020-04-04 19:41:00,Nintendo Switch HAC-001(-01) 32GB Console with Gray Joy‑Con,170.0,0.0,Parts Only,https://www.ebay.com/itm/Nintendo-Switch-HAC-001-01-32GB-Console-with-Gray-Joy-Con/264690058514?hash=item3da0c1c512:g:BBYAAOSwfD1egR2H,"['Gillette', 'Wyoming', 'United States']", atmsphr187,595.0,100.0
2020-04-03 16:47:00,"Nintendo Switch Console, Joycons, Powercord, and Dock - Console wont charge. ",178.6,0.0,Parts Only,https://www.ebay.com/itm/Nintendo-Switch-Console-Joycons-Powercord-and-Dock-Console-wont-charge-/223966580691?_trksid=p2349526.m4383.l10137.c10&nordt=true&rt=nc&orig_cvip=true,"Lake Echo, Nova Scotia, Canada", blumsum17,22.0,100.0
2020-04-03 16:14:00,"Nintendo Switch Console, Joycons, Powercord, and Dock - Console wont charge. ",280.04,0.0,Parts Only,https://www.ebay.com/itm/Nintendo-Switch-Console-Joycons-Powercord-and-Dock-Console-wont-charge-/223959156958?_trksid=p2349526.m4383.l10137.c10&nordt=true&rt=nc&orig_cvip=true,"Lake Echo, Nova Scotia, Canada", blumsum17,22.0,100.0
2020-03-31 21:18:00,Nintendo Switch Tablet for parts or repair. Broken charge port. ,134.99,0.0,Parts Only,https://www.ebay.com/itm/Nintendo-Switch-Tablet-for-parts-or-repair-Broken-charge-port/174237136891?hash=item289157b7fb:g:zlkAAOSwq9ZehArW,"['Bartlesville', 'Oklahoma', 'United States']", b-villainsgames,1839.0,100.0
2020-03-31 06:31:00,Nintendo Switch 32GB Gray Console with Neon Red and Neon Blue Joy-Con,179.0,23.85,Parts Only,https://www.ebay.com/itm/Nintendo-Switch-32GB-Gray-Console-with-Neon-Red-and-Neon-Blue-Joy-Con-/362958111337?_trksid=p2349526.m4383.l10137.c10&nordt=true&rt=nc&orig_cvip=true,"['Pittsburg', 'Texas', 'United States']", tho-784688,0.0,100.0
2020-03-30 18:55:00,Nintendo switch - Console Only - W/Joy Cons -Wrist Straps!! BROKEN!!,210.0,14.9,Parts Only,https://www.ebay.com/itm/Nintendo-switch-Console-Only-W-Joy-Cons-Wrist-Straps-BROKEN/283832417828?hash=item4215bafe24:g:Lm0AAOSwbDpegpM6,"Navarre, Florida, United States", travisjmeek,241.0,100.0
2020-03-30 13:21:00,Nintendo Switch HAC-001(-01) 32GB Console with Gray Joyâ€‘Con,150.0,0.0,Parts Only,https://www.ebay.com/itm/Nintendo-Switch-HAC-001-01-32GB-Console-with-Gray-Joy-Con/383484233126?hash=item59497105a6:g:52cAAOSwOmBeeo07,"['Eugene', 'Oregon', 'United States']", triheme0,1.0,100.0
2020-03-29 20:00:00,"Lot of (4) Mixed Nintendo Consoles (Switch, Wii, Wii U, 2DS) *AS IS*",222.5,24.5,Parts Only,https://www.ebay.com/itm/Lot-of-4-Mixed-Nintendo-Consoles-Switch-Wii-Wii-U-2DS-AS-IS/333549570329?hash=item4da91a8919:g:OpgAAOSwwolecTQw,"Asheville, North Carolina, United States", alanspawn,36578.0,100.0
2020-03-29 17:41:00,Nintendo switch - Console Only - BROKEN,156.0,7.0,Parts Only,https://www.ebay.com/itm/Nintendo-switch-Console-Only-BROKEN/264676600196?hash=item3d9ff46984:g:AGYAAOSw~ppebmps,"Ocala, Florida, United States", bloodge1,323.0,100.0
2020-03-29 15:39:00,Nintendo Switch HAC-001(-01) 32GB Console with Gray Joy‑Con - FOR PARTS ONLY!!! ,170.0,0.0,Parts Only,https://www.ebay.com/itm/Nintendo-Switch-HAC-001-01-32GB-Console-with-Gray-Joy-Con-FOR-PARTS-ONLY/264683187893?hash=item3da058eeb5:g:9hkAAOSwClNegRTs,"['Gillette', 'Wyoming', 'United States']", atmsphr187,595.0,100.0
2020-03-29 15:19:00,Nintendo Switch HAC-001(-01) 32GB Console with Gray Joy‑Con,170.0,0.0,Parts Only,https://www.ebay.com/itm/Nintendo-Switch-HAC-001-01-32GB-Console-with-Gray-Joy-Con/264683172674?hash=item3da058b342:g:BBYAAOSwfD1egR2H,"['Gillette', 'Wyoming', 'United States']", atmsphr187,595.0,100.0
2020-03-29 11:01:00,Nintendo Switch Console Only For Parts Power Button Problem,171.0,0.0,Parts Only,https://www.ebay.com/itm/Nintendo-Switch-Console-Only-For-Parts-Power-Button-Problem-/223957985658?_trksid=p2349526.m4383.l10137.c10&nordt=true&rt=nc&orig_cvip=true,"['Bend', 'Oregon', 'United States']", emill_industries,810.0,99.8
2020-03-29 10:57:00,Nintendo Switch Console Only For Parts Sound Problem,180.0,0.0,Parts Only,https://www.ebay.com/itm/Nintendo-Switch-Console-Only-For-Parts-Sound-Problem-/223957982337?_trksid=p2349526.m4383.l10137.c10&nordt=true&rt=nc&orig_cvip=true,"['Bend', 'Oregon', 'United States']", emill_industries,810.0,99.8
2020-03-29 03:48:00,Nintendo Switch - 32GB Gray System Console - Tablet Screen Only -NOT WORKING ,129.99,0.0,Parts Only,https://www.ebay.com/itm/Nintendo-Switch-32GB-Gray-System-Console-Tablet-Screen-Only-NOT-WORKING-/202949439002?_trksid=p2349526.m4383.l10137.c10&nordt=true&rt=nc&orig_cvip=true,"['Fond du Lac', 'Wisconsin', 'United States']", midwestjunkerz,692.0,100.0
2020-03-27 21:36:00,Nintendo Switch 32 GB Console - Neon Blue/Red Joy-Con HAC-001 body and con only,189.99,0.0,Parts Only,https://www.ebay.com/itm/Nintendo-Switch-32-GB-Console-Neon-Blue-Red-Joy-Con-HAC-001-body-and-con-only-/303525674686?_trksid=p2349526.m4383.l10137.c10&nordt=true&rt=nc&orig_cvip=true,"Draper, Utah, United States", this.n.that.store,251.0,98.4
2020-03-27 20:36:00,Nintendo Switch Console- Gray JoyCons- STUCK ON LOGO SCREEN-READ DESCRIPTION!!!,199.99,19.99,Parts Only,https://www.ebay.com/itm/Nintendo-Switch-Console-Gray-JoyCons-STUCK-ON-LOGO-SCREEN-READ-DESCRIPTION/373003824900?hash=item56d8c2af04:g:KXQAAOSw7RJefsRq,"['Indianapolis', 'Indiana', 'United States']", thepokecardworld-2,257.0,100.0
2020-03-27 15:43:00,Nintendo Switch 32GB Console - DEFECTIVE POWER,90.0,0.0,Parts Only,https://www.ebay.com/itm/Nintendo-Switch-32GB-Console-DEFECTIVE-POWER-/283829221787?_trksid=p2349526.m4383.l10137.c10&nordt=true&rt=nc&orig_cvip=true,"['Santa Clarita', 'California', 'United States']", yoursavings,6680.0,99.1
2020-03-27 15:31:00,Nintendo Switch 32GB Console - DEFECTIVE FROZEN,90.0,0.0,Parts Only,https://www.ebay.com/itm/Nintendo-Switch-32GB-Console-DEFECTIVE-FROZEN-/283829215864?_trksid=p2349526.m4383.l10137.c10&nordt=true&rt=nc&orig_cvip=true,"['Santa Clarita', 'California', 'United States']", yoursavings,6680.0,99.1
2020-03-27 15:09:00,Nintendo Switch 32GB Console - DEFECTIVE READ,90.0,0.0,Parts Only,https://www.ebay.com/itm/Nintendo-Switch-32GB-Console-DEFECTIVE-READ-/283829199716?_trksid=p2349526.m4383.l10137.c10&nordt=true&rt=nc&orig_cvip=true,"['Santa Clarita', 'California', 'United States']", yoursavings,6680.0,99.1
2020-03-27 15:08:00,Nintendo Switch 32GB Console - DEFECTIVE FROZEN,90.0,0.0,Parts Only,https://www.ebay.com/itm/Nintendo-Switch-32GB-Console-DEFECTIVE-FROZEN-/274320018971?_trksid=p2349526.m4383.l10137.c10&nordt=true&rt=nc&orig_cvip=true,"['Santa Clarita', 'California', 'United States']", yoursavings,6680.0,99.1
2020-03-26 17:12:00,Nintendo Switch Tablet only for parts/not working ,80.0,0.0,Parts Only,https://www.ebay.com/itm/Nintendo-Switch-Tablet-only-for-parts-not-working/223958208329?hash=item3424f30f49:g:EfIAAOSwkBtefTRo,"Sparks, Nevada, United States", mynor_milian,787.0,99.5
2020-03-26 09:11:00,Nintendo Switch 32GB Gray Console with Neon Red and Neon Blue Joy-Con,120.0,0.0,Parts Only,https://www.ebay.com/itm/Nintendo-Switch-32GB-Gray-Console-with-Neon-Red-and-Neon-Blue-Joy-Con-/174231792769?_trksid=p2349526.m4383.l10137.c10&nordt=true&rt=nc&orig_cvip=true,"['Sterling Heights', 'Michigan', 'United States']", williajohnso-367,5.0,100.0
2020-03-26 07:48:00,Nintendo Switch with Gray Joy‑Con,207.5,0.0,Parts Only,https://www.ebay.com/itm/Nintendo-Switch-with-Gray-Joy-Con/402171978073?hash=item5da3516159:g:UnYAAOSwqwxeMci4,"['Indianapolis', 'Indiana', 'United States']", discountgrab,31547.0,99.4
2020-03-25 19:31:00,Nintendo Switch HAC-001 (Read Description!),150.0,10.2,Parts Only,https://www.ebay.com/itm/Nintendo-Switch-HAC-001-Read-Description-/324115293556?_trksid=p2349526.m4383.l10137.c10&nordt=true&rt=nc&orig_cvip=true,"['Marina', 'California', 'United States']", thelovidovi15,5.0,100.0
2020-03-23 12:47:00,Nintendo Switch Tablet only for parts/not working ,107.5,12.0,Parts Only,https://www.ebay.com/itm/Nintendo-Switch-Tablet-only-for-parts-not-working/193391539121?hash=item2d0708b3b1:g:NJ0AAOSwW35edsOv,"Boston, Massachusetts, United States", ariealve_0,16.0,100.0
2020-03-22 10:53:00,Nintendo switch - Console Only - BROKEN,117.5,7.0,Parts Only,https://www.ebay.com/itm/Nintendo-switch-Console-Only-BROKEN/264668348069?hash=item3d9f767ea5:g:AGYAAOSw~ppebmps,"Ocala, Florida, United States", bloodge1,323.0,100.0
2020-03-21 10:16:00,Bricked Nintendo Switch For Parts,87.0,8.12,Parts Only,https://www.ebay.com/itm/Bricked-Nintendo-Switch-For-Parts/333545914903?hash=item4da8e2c217:g:LxwAAOSwkeFebRCF,"['Corona', 'New York', 'United States']", mrjungsautomotiv1,130.0,100.0
2020-03-20 16:02:00,Nintendo Switch 32GB CONSOLE ONLY AS-IS BENT BROKEN SCREEN FOR PARTS READ,77.0,13.65,Parts Only,https://www.ebay.com/itm/Nintendo-Switch-32GB-CONSOLE-ONLY-AS-IS-BENT-BROKEN-SCREEN-FOR-PARTS-READ/193381409089?hash=item2d066e2141:g:rUAAAOSwROtebBAD,"['Fremont', 'Nebraska', 'United States']", thescratchingpost,734.0,100.0
2020-03-20 15:48:00,Nintendo Switch 32GB CONSOLE ONLY AS-IS NO POWER FOR PARTS READ,86.0,13.65,Parts Only,https://www.ebay.com/itm/Nintendo-Switch-32GB-CONSOLE-ONLY-AS-IS-NO-POWER-FOR-PARTS-READ/193381404049?hash=item2d066e0d91:g:lQwAAOSw-e1ebAyn,"['Fremont', 'Nebraska', 'United States']", thescratchingpost,734.0,100.0
2020-03-20 06:57:00,Nintendo Switch 32GB Gray 9 consoles only for parts or repair,700.0,23.85,Parts Only,https://www.ebay.com/itm/Nintendo-Switch-32GB-Gray-9-consoles-only-for-parts-or-repair-/264665859882?_trksid=p2349526.m4383.l10137.c10&nordt=true&rt=nc&orig_cvip=true,"['Plano', 'Texas', 'United States']", mevova,213.0,100.0
2020-03-19 09:47:00,Nintendo Switch Tablet Screen ONLY PLEASE READ HAC-001,149.99,20.0,Parts Only,https://www.ebay.com/itm/Nintendo-Switch-Tablet-Screen-ONLY-PLEASE-READ-HAC-001/114154021983?hash=item1a941c245f:g:SEAAAOSwAsFec5Me,"North York, Ontario, Canada", wing_kei,194.0,94.7
2020-03-18 23:38:00,Nintendo Switch 32GB Gaming Console Neon/Joy-Cons NO DOCK AS IS NO SOUND BROKEN,99.99,0.0,Parts Only,https://www.ebay.com/itm/Nintendo-Switch-32GB-Gaming-Console-Neon-Joy-Cons-NO-DOCK-AS-IS-NO-SOUND-BROKEN-/174224634516?_trksid=p2349526.m4383.l10137.c10&nordt=true&rt=nc&orig_cvip=true,"['Kingman', 'Arizona', 'United States']", fortheloveofthegame,2862.0,100.0
2020-03-18 19:00:00,Nintendo Switch with Gray Joy‑Con,172.5,0.0,Parts Only,https://www.ebay.com/itm/Nintendo-Switch-with-Gray-Joy-Con/164120355856?hash=item263655e410:g:UnYAAOSwqwxeMci4,"['Indianapolis', 'Indiana', 'United States']", discountgrab,31554.0,99.4
2020-03-17 11:18:00,"Nintendo Switch selling as is, won't read games or play digital games!",107.51,5.0,Parts Only,https://www.ebay.com/itm/Nintendo-Switch-selling-as-is-wont-read-games-or-play-digital-games/202930314362?hash=item2f3f96dc7a:g:QIsAAOSwaqFeZ9kI,"['Lincolnton', 'North Carolina', 'United States']", gamersall_92,1.0,100.0
2020-03-16 19:03:00,Nintendo Switch Video Game Console Only HAC-001 - Does Not Turn On - AS IS,119.0,3.95,Parts Only,https://www.ebay.com/itm/Nintendo-Switch-Video-Game-Console-Only-HAC-001-Does-Not-Turn-On-AS-IS/283816315317?hash=item4214c549b5:g:VfAAAOSwKtVebq0M,"Henderson, Nevada, United States", songbyc,185.0,100.0
2020-03-15 16:30:00,Nintendo Switch Console - Does Not Turn On - AS IS Console Free Shipping,125.5,0.0,Parts Only,https://www.ebay.com/itm/Nintendo-Switch-Console-Does-Not-Turn-On-AS-IS-Console-Free-Shipping/184203072934?hash=item2ae35bd5a6:g:AO0AAOSwxOleZXUw,"Barnesville, Georgia, United States", 3rsthisandthatbargains,1334.0,99.6
2020-03-13 21:26:00,Nintendo Switch 32GB Console Not fully functional AS IS DOCK & CONSOLE only,130.0,9.2,Parts Only,https://www.ebay.com/itm/Nintendo-Switch-32GB-Console-Not-fully-functional-AS-IS-DOCK-CONSOLE-only/184208733141?hash=item2ae3b233d5:g:7OsAAOSwjLxeazv4,"['Berkeley', 'California', 'United States']", tianana1044,19.0,100.0
2020-03-12 23:07:00,"Nintendo Switch Console Tablet Only (Not Working, For Parts)",100.0,8.3,Parts Only,https://www.ebay.com/itm/Nintendo-Switch-Console-Tablet-Only-Not-Working-For-Parts-/174213657125?_trksid=p2349526.m4383.l10137.c10&nordt=true&rt=nc&orig_cvip=true,"['Mount Sterling', 'Kentucky', 'United States']", olipal_19,0.0,100.0
2020-03-12 20:23:00,Nintendo Switch 32GB Gray 9 consoles only for parts or repair,700.0,23.85,Parts Only,https://www.ebay.com/itm/Nintendo-Switch-32GB-Gray-9-consoles-only-for-parts-or-repair-/264657729070?_trksid=p2349526.m4383.l10137.c10&nordt=true&rt=nc&orig_cvip=true,"['Plano', 'Texas', 'United States']", mevova,213.0,100.0
2020-03-12 20:10:00,Nintendo Switch 32GB Gaming Console Grey/Joy-Cons NO DOCK AS IS JOYSTICK DRIFT ,139.95,0.0,Parts Only,https://www.ebay.com/itm/Nintendo-Switch-32GB-Gaming-Console-Grey-Joy-Cons-NO-DOCK-AS-IS-JOYSTICK-DRIFT-/174218536590?_trksid=p2349526.m4383.l10137.c10&nordt=true&rt=nc&orig_cvip=true,"['Kingman', 'Arizona', 'United States']", fortheloveofthegame,2862.0,100.0
2020-03-12 16:30:00,Nintendo Switch 32GB Gray Console with Neon Red and Neon Blue Joy-Con,196.5,5.0,Parts Only,https://www.ebay.com/itm/Nintendo-Switch-32GB-Gray-Console-with-Neon-Red-and-Neon-Blue-Joy-Con-/114140764360?_trksid=p2349526.m4383.l10137.c10&nordt=true&rt=nc&orig_cvip=true,"['Independence', 'Kentucky', 'United States']", jhunse,16.0,100.0
2020-03-11 18:00:00,Nintendo Switch Console - Does Not Turn On - AS IS Console And Box Only,106.5,14.9,Parts Only,https://www.ebay.com/itm/Nintendo-Switch-Console-Does-Not-Turn-On-AS-IS-Console-And-Box-Only/264656068103?hash=item3d9ebb1e07:g:pHMAAOSwedNeX712,"Big Stone Gap, Virginia, United States", t-ravsstuff,262.0,100.0
2020-03-10 16:55:00,Nintendo Switch Console-HAC001 - Does Not Turn On - AS IS,100.0,0.0,Parts Only,https://www.ebay.com/itm/Nintendo-Switch-Console-HAC001-Does-Not-Turn-On-AS-IS/223942601424?hash=item342404ead0:g:TwkAAOSwTtheaBSi,"Indianapolis, Indiana, United States", conejito08,367.0,100.0
2020-03-09 20:09:00,Nintendo Switch 32GB Gray Console with Neon Red & Blue Joy-Con,207.5,4.99,Parts Only,https://www.ebay.com/itm/Nintendo-Switch-32GB-Gray-Console-with-Neon-Red-Blue-Joy-Con/254531382131?epid=23024812516&amp;hash=item3b4340ab73:g:85UAAOSwATNeYCGB,"['Springfield', 'Illinois', 'United States']", dealmazone,4838.0,99.4
2020-03-09 09:50:00,Nintendo Switch HAC-001(-01) 32GB Console for parts not working,137.5,5.65,Parts Only,https://www.ebay.com/itm/Nintendo-Switch-HAC-001-01-32GB-Console-for-parts-not-working/264653929761?hash=item3d9e9a7d21:g:3kIAAOSwxsxeXTm8,"['Houston', 'Texas', 'United States']", ba.maur,59.0,100.0
2020-03-08 17:46:00,Nintendo Switch 32GB Console with Box HAC-001  Not Working,161.5,12.25,Parts Only,https://www.ebay.com/itm/Nintendo-Switch-32GB-Console-with-Box-HAC-001-Not-Working-/293497619164?_trksid=p2349526.m4383.l10137.c10&nordt=true&rt=nc&orig_cvip=true,"['Riverside', 'California', 'United States']", oscarmilitia,450.0,100.0
2020-03-08 10:57:00,Nintendo Switch (HAC-001) *FOR PARTS/REPAIR*,203.5,0.0,Parts Only,https://www.ebay.com/itm/Nintendo-Switch-HAC-001-FOR-PARTS-REPAIR/352993371391?epid=23024812516&amp;hash=item52300b64ff:g:7U8AAOSwqG1eYT1s,"['Knoxville', 'Tennessee', 'United States']", jnice323,919.0,98.2
2020-03-07 23:32:00,Nintendo Switch HAC-001(-01) 32GB Console with Gray Joy‑Con,114.0,8.5,Parts Only,https://www.ebay.com/itm/Nintendo-Switch-HAC-001-01-32GB-Console-with-Gray-Joy-Con/153852162449?hash=item23d24db191:g:fsQAAOSwr9BeXgZ4,"['Oklahoma City', 'Oklahoma', 'United States']", kevman1228,349.0,100.0
2020-03-07 15:12:00,"Nintendo Switch 32GB Console Tablet Only (Not Working, For Parts Only) ",108.0,14.99,Parts Only,https://www.ebay.com/itm/Nintendo-Switch-32GB-Console-Tablet-Only-Not-Working-For-Parts-Only-/143544468493?_trksid=p2349526.m4383.l10137.c10&nordt=true&rt=nc&orig_cvip=true,"['Hackettstown', 'New Jersey', 'United States']", blof94,52.0,100.0
2020-03-06 16:47:00,Nintendo Switch 32GB Console - DEFECTIVE JOY-CON SYNC,100.0,0.0,Parts Only,https://www.ebay.com/itm/Nintendo-Switch-32GB-Console-DEFECTIVE-JOY-CON-SYNC-/303508252975?_trksid=p2349526.m4383.l10137.c10&nordt=true&rt=nc&orig_cvip=true,"['Santa Clarita', 'California', 'United States']", yoursavings,6680.0,99.1
2020-03-06 16:46:00,Nintendo Switch 32GB Console - DEFECTIVE SCREEN,120.0,0.0,Parts Only,https://www.ebay.com/itm/Nintendo-Switch-32GB-Console-DEFECTIVE-SCREEN-/303508256804?_trksid=p2349526.m4383.l10137.c10&nordt=true&rt=nc&orig_cvip=true,"['Santa Clarita', 'California', 'United States']", yoursavings,6680.0,99.1
2020-03-06 09:12:00,Nintendo Switch Tablet only Broken for PARTS ONLY,152.5,15.0,Parts Only,https://www.ebay.com/itm/Nintendo-Switch-Tablet-only-Broken-for-PARTS-ONLY/223930812317?hash=item342351079d:g:h08AAOSw4wVeWUk9,"Fort Worth, Texas, United States", grizzlyhills,122.0,100.0
2020-03-05 22:29:00,Nintendo Switch 32GB Gray Console with Neon Red and Neon Blue Joy-Con,232.5,23.85,Parts Only,https://www.ebay.com/itm/Nintendo-Switch-32GB-Gray-Console-with-Neon-Red-and-Neon-Blue-Joy-Con-/383440386193?_trksid=p2349526.m4383.l10137.c10&nordt=true&rt=nc&orig_cvip=true,"['San Antonio', 'Texas', 'United States']", micel-1533,0.0,100.0
2020-03-05 17:06:00,"Nintendo Switch (HAC-001) 32GB, Blue & Red Joycons, Video Gaming Console AS IS",182.5,10.0,Parts Only,https://www.ebay.com/itm/Nintendo-Switch-HAC-001-32GB-Blue-Red-Joycons-Video-Gaming-Console-AS-IS-/274289051084?_trksid=p2349526.m4383.l10137.c10&nordt=true&rt=nc&orig_cvip=true,"Roseville, Michigan, United States", motorcitypawn,41127.0,99.9
2020-03-05 15:50:00,Nintendo Switch 32GB Console - DEFECTIVE POWER,90.0,0.0,Parts Only,https://www.ebay.com/itm/Nintendo-Switch-32GB-Console-DEFECTIVE-POWER-/283805674998?_trksid=p2349526.m4383.l10137.c10&nordt=true&rt=nc&orig_cvip=true,"['Santa Clarita', 'California', 'United States']", yoursavings,6680.0,99.1
2020-03-05 15:42:00,Nintendo Switch 32GB Console - DEFECTIVE READ,90.0,0.0,Parts Only,https://www.ebay.com/itm/Nintendo-Switch-32GB-Console-DEFECTIVE-READ-/283805678656?_trksid=p2349526.m4383.l10137.c10&nordt=true&rt=nc&orig_cvip=true,"['Santa Clarita', 'California', 'United States']", yoursavings,6680.0,99.1
2020-03-05 14:12:00,Nintendo Switch 32GB Gray Console with Neon Red and Neon Blue Joy-Con,181.5,5.0,Parts Only,https://www.ebay.com/itm/Nintendo-Switch-32GB-Gray-Console-with-Neon-Red-and-Neon-Blue-Joy-Con-/114132388789?_trksid=p2349526.m4383.l10137.c10&nordt=true&rt=nc&orig_cvip=true,"['Independence', 'Kentucky', 'United States']", jhunse,16.0,100.0
2020-03-05 08:56:00,Nintendo Switch HAC-001 Console for parts not working,115.0,0.0,Parts Only,https://www.ebay.com/itm/Nintendo-Switch-HAC-001-Console-for-parts-not-working/254530511513?hash=item3b43336299:g:9MgAAOSw~KxeXpPR,"['Fairfield', 'California', 'United States']", jesus_z_stock,83.0,100.0
2020-03-05 04:34:00,Nintendo Switch 32GB Gray 2 consoles only for parts or repair   not working,299.99,0.0,Parts Only,https://www.ebay.com/itm/Nintendo-Switch-32GB-Gray-2-consoles-only-for-parts-or-repair-not-working-/402134519569?_trksid=p2349526.m4383.l10137.c10&nordt=true&rt=nc&orig_cvip=true,"['Denver', 'Colorado', 'United States']", daguti-9234,110.0,94.4
2020-03-01 22:53:00,Nintendo Switch 32GB Sold As Is Or For Parts,91.0,9.9,Parts Only,https://www.ebay.com/itm/Nintendo-Switch-32GB-Sold-As-Is-Or-For-Parts-/264649989328?_trksid=p2349526.m4383.l10137.c10&nordt=true&rt=nc&orig_cvip=true,"['Los Angeles', 'California', 'United States']", mh_disneycollectables,173.0,85.2
2020-03-01 19:18:00,Nintendo Switch Console - Does Not Turn On - AS IS. Console Only.            ,104.5,26.7,Parts Only,https://www.ebay.com/itm/Nintendo-Switch-Console-Does-Not-Turn-On-AS-IS-Console-Only/254521549387?hash=item3b42aaa24b:g:tE4AAOSwhEteUzlt,"Madison, Alabama, United States", wavbyby,8.0,100.0
2020-03-01 15:13:00,"Nintendo Switch Tablet ONLY.  PARTS ONLY.  NOT WORKING, WATER DAMAGE.",90.0,33.0,Parts Only,https://www.ebay.com/itm/Nintendo-Switch-Tablet-ONLY-PARTS-ONLY-NOT-WORKING-WATER-DAMAGE/362924281886?hash=item547ff9101e:g:bsMAAOSw6dteUOfV,"Vernon, British Columbia, Canada", profere,11.0,92.3
2020-02-29 14:11:00,Nintendo Switch 32GB Gray 4 consoles only for parts or repair   not working,412.0,15.05,Parts Only,https://www.ebay.com/itm/Nintendo-Switch-32GB-Gray-4-consoles-only-for-parts-or-repair-not-working-/254526805763?_trksid=p2349526.m4383.l10137.c10&nordt=true&rt=nc&orig_cvip=true,"['Arlington Heights', 'Illinois', 'United States']", krbunches365,3634.0,100.0
2020-02-28 21:54:00,"Nintendo Switch 32GB Console Tablet Only (Not Working, For Parts Only) ",131.5,14.99,Parts Only,https://www.ebay.com/itm/Nintendo-Switch-32GB-Console-Tablet-Only-Not-Working-For-Parts-Only-/143538723952?_trksid=p2349526.m4383.l10137.c10&nordt=true&rt=nc&orig_cvip=true,"['Hackettstown', 'New Jersey', 'United States']", blof94,52.0,100.0
2020-02-28 16:42:00,Nintendo Switch 32GB Console - DEFECTIVE POWER,90.0,0.0,Parts Only,https://www.ebay.com/itm/Nintendo-Switch-32GB-Console-DEFECTIVE-POWER-/303502155985?_trksid=p2349526.m4383.l10137.c10&nordt=true&rt=nc&orig_cvip=true,"['Santa Clarita', 'California', 'United States']", yoursavings,6680.0,99.1
2020-02-28 16:28:00,Nintendo Switch 32GB Console - DEFECTIVE POWER,90.0,0.0,Parts Only,https://www.ebay.com/itm/Nintendo-Switch-32GB-Console-DEFECTIVE-POWER/283799103782?epid=23024812516&amp;hash=item4213bea926:g:CdAAAOSwq05dYCNX,"['Santa Clarita', 'California', 'United States']", yoursavings,6680.0,99.1
2020-02-25 11:55:00,Nintendo Switch HAC-001(-01) 32GB Console with Gray Joy‑Con,133.0,8.3,Parts Only,https://www.ebay.com/itm/Nintendo-Switch-HAC-001-01-32GB-Console-with-Gray-Joy-Con/124088684870?hash=item1ce4431146:g:S3sAAOSwOFFeTD5Q,"['Waterbury', 'Connecticut', 'United States']", vwtech86,76.0,100.0
2020-02-25 07:00:00,Nintendo Switch - 32GB Gray System Console - Tablet Screen Only -NOT WORKING ,102.5,23.15,Parts Only,https://www.ebay.com/itm/Nintendo-Switch-32GB-Gray-System-Console-Tablet-Screen-Only-NOT-WORKING-/193354650293?_trksid=p2349526.m4383.l10137.c10&nordt=true&rt=nc&orig_cvip=true,"['Middlefield', 'Ohio', 'United States']", ohiovolkswagenadventure,358.0,100.0
2020-02-23 14:12:00,"Nintendo Switch Tablet ONLY.  PARTS ONLY.  NOT WORKING, WATER DAMAGE.",115.0,9.6,Parts Only,https://www.ebay.com/itm/Nintendo-Switch-Tablet-ONLY-PARTS-ONLY-NOT-WORKING-WATER-DAMAGE/352973959630?hash=item522ee331ce:g:qbcAAOSwIV5eSbqV,"Cleveland, Tennessee, United States", mrkilligan4,30.0,100.0
2020-02-22 19:49:00,Nintendo Switch Console With Joycons XAW9,179.99,0.0,Parts Only,https://www.ebay.com/itm/Nintendo-Switch-Console-With-Joycons-XAW9-/164083703994?_trksid=p2349526.m4383.l10137.c10&nordt=true&rt=nc&orig_cvip=true,"Heber City, Utah, United States", tech1shop,2054.0,99.4
2020-02-20 12:01:00,Nintendo Switch 32GB Sold As Is Or For Parts,102.5,9.9,Parts Only,https://www.ebay.com/itm/Nintendo-Switch-32GB-Sold-As-Is-Or-For-Parts/264638318827?epid=23024812516&amp;hash=item3d9dac48eb:g:oBEAAOSw0ileRkHB,"['Los Angeles', 'California', 'United States']", mh_disneycollectables,173.0,85.2
2020-02-20 10:40:00,Nintendo Switch Console Tablet Only (Faulty) Read Description for details.Â ,168.25,8.3,Parts Only,https://www.ebay.com/itm/Nintendo-Switch-Console-Tablet-Only-Faulty-Read-Description-for-details/333513976961?hash=item4da6fb6c81:g:TzAAAOSwK9heMksk,"Santa Clara, California, United States", mathias_sells,23.0,100.0
2020-02-19 13:26:00,"Nintendo Switch Tablet ONLY.Â  PARTS ONLY.Â  NOT WORKING, WATER DAMAGE.",92.0,0.0,Parts Only,https://www.ebay.com/itm/Nintendo-Switch-Tablet-ONLY-PARTS-ONLY-NOT-WORKING-WATER-DAMAGE/133332480898?hash=item1f0b3c3382:g:ub8AAOSw~EReRG1T,"Getzville, New York, United States", bair888,113.0,100.0
2020-02-18 19:43:00,Nintendo Switch HAC-001 - Parts Only - Blue screen,115.0,8.85,Parts Only,https://www.ebay.com/itm/Nintendo-Switch-HAC-001-Parts-Only-Blue-screen/174195747340?hash=item288ee02a0c:g:VTUAAOSwElpeTFMP,"Lumberton, Texas, United States", tshroom,148.0,100.0
2020-02-18 10:06:00,Nintendo Switch Accessories ,31.0,4.95,Parts Only,https://www.ebay.com/itm/Nintendo-Switch-Accessories/153831623149?hash=item23d11449ed:g:-PsAAOSwz4leRY~g,"['Indianapolis', 'Indiana', 'United States']", discountgrab,31559.0,99.4
2020-02-16 22:46:00,Nintendo Switch 32GB Sold As Is Or For Parts,96.53,9.9,Parts Only,https://www.ebay.com/itm/Nintendo-Switch-32GB-Sold-As-Is-Or-For-Parts-/264633850405?_trksid=p2349526.m4383.l10137.c10&nordt=true&rt=nc&orig_cvip=true,"['Los Angeles', 'California', 'United States']", mh_disneycollectables,173.0,85.2
2020-02-14 19:44:00,Nintendo Switch Tablet ONLY.Â  PARTS ONLY.Â  NOT WORKING.,105.0,0.0,Parts Only,https://www.ebay.com/itm/Nintendo-Switch-Tablet-ONLY-PARTS-ONLY-NOT-WORKING/114110451669?hash=item1a91834fd5:g:Cl8AAOSw8S9eQ3mv,"Emeryville, California, United States", regndlr,59.0,100.0
